c_value,OOA
1.0e-7,5.182791104632065
0.0001,5.255310699465687
