c_value,OOA
1.0e-7,4.07572590389973
0.0001,4.085622182625706
0.1,3.725777690175506
