c_value,OOA
0.1,4.779694719784509
100.0,4.763611560097536
100000.0,3.8171981135482005
