c_value,OOA
1.0e-7,5.2315625838811
3.162277660168379e-7,5.2487374197473455
1.0e-6,5.249245262902694
3.162277660168379e-6,5.205572451608682
